SlNo,State_Code,State,District_Key,District,Confirmed,Active,Recovered,Deceased,Migrated_Other,Delta_Confirmed,Delta_Active,Delta_Recovered,Delta_Deceased,District_Notes,Last_Updated
0,UN,State Unassigned,UN_Unassigned,Unassigned,3387,3387,0,0,0,-745,-745,0,0,,
1,AN,Andaman and Nicobar Islands,AN_Nicobars,Nicobars,0,0,0,0,0,0,0,0,0,,
2,AN,Andaman and Nicobar Islands,AN_North and Middle Andaman,North and Middle Andaman,1,0,1,0,0,0,0,0,0,,
3,AN,Andaman and Nicobar Islands,AN_South Andaman,South Andaman,51,19,32,0,0,0,0,0,0,,
0,AP,Andhra Pradesh,AP_Foreign Evacuees,Foreign Evacuees,428,129,299,0,0,4,3,1,0,,
4,AP,Andhra Pradesh,AP_Anantapur,Anantapur,3161,1317,1821,23,0,311,192,118,1,,
5,AP,Andhra Pradesh,AP_Chittoor,Chittoor,2509,1364,1126,19,0,300,231,69,0,,
6,AP,Andhra Pradesh,AP_East Godavari,East Godavari,2374,1612,754,8,0,143,83,60,0,,
7,AP,Andhra Pradesh,AP_Guntur,Guntur,2867,1440,1398,29,0,68,1,64,3,,
8,AP,Andhra Pradesh,AP_Krishna,Krishna,2298,781,1440,77,0,123,73,48,2,,
9,AP,Andhra Pradesh,AP_Kurnool,Kurnool,3168,1258,1813,97,0,229,155,70,4,,
0,AP,Andhra Pradesh,AP_Other State,Other State,2385,690,1695,0,0,34,4,30,0,,
10,AP,Andhra Pradesh,AP_Prakasam,Prakasam,1038,381,652,5,0,63,27,36,0,,
11,AP,Andhra Pradesh,AP_S.P.S. Nellore,S.P.S. Nellore,1031,450,572,9,0,76,43,31,2,,
12,AP,Andhra Pradesh,AP_Srikakulam,Srikakulam,850,627,214,9,0,204,160,44,0,,
13,AP,Andhra Pradesh,AP_Visakhapatnam,Visakhapatnam,1328,525,791,12,0,51,-104,154,1,,
14,AP,Andhra Pradesh,AP_Vizianagaram,Vizianagaram,495,348,140,7,0,76,73,0,3,,
15,AP,Andhra Pradesh,AP_West Godavari,West Godavari,1611,774,828,9,0,84,-277,361,0,,
16,AP,Andhra Pradesh,AP_Y.S.R. Kadapa,Y.S.R. Kadapa,1692,837,850,5,0,47,-67,113,1,,
17,AR,Arunachal Pradesh,AR_Anjaw,Anjaw,4,4,0,0,0,0,0,0,0,,
18,AR,Arunachal Pradesh,AR_Changlang,Changlang,102,38,64,0,0,0,0,0,0,,
19,AR,Arunachal Pradesh,AR_East Kameng,East Kameng,0,0,0,0,0,0,0,0,0,,
20,AR,Arunachal Pradesh,AR_East Siang,East Siang,10,0,10,0,0,0,0,0,0,,
21,AR,Arunachal Pradesh,AR_Kamle,Kamle,0,0,0,0,0,0,0,0,0,,
22,AR,Arunachal Pradesh,AR_Kra Daadi,Kra Daadi,0,0,0,0,0,0,0,0,0,,
23,AR,Arunachal Pradesh,AR_Kurung Kumey,Kurung Kumey,0,0,0,0,0,0,0,0,0,,
24,AR,Arunachal Pradesh,AR_Lepa Rada,Lepa Rada,3,2,1,0,0,0,0,0,0,,
25,AR,Arunachal Pradesh,AR_Lohit,Lohit,4,0,4,0,0,0,0,0,0,,
26,AR,Arunachal Pradesh,AR_Longding,Longding,4,2,2,0,0,0,0,0,0,,
27,AR,Arunachal Pradesh,AR_Lower Dibang Valley,Lower Dibang Valley,3,0,3,0,0,0,0,0,0,,
28,AR,Arunachal Pradesh,AR_Lower Siang,Lower Siang,3,3,0,0,0,0,0,0,0,,
29,AR,Arunachal Pradesh,AR_Lower Subansiri,Lower Subansiri,12,12,0,0,0,0,0,0,0,,
30,AR,Arunachal Pradesh,AR_Namsai,Namsai,18,13,5,0,0,0,0,0,0,,
31,AR,Arunachal Pradesh,AR_Pakke Kessang,Pakke Kessang,1,0,1,0,0,0,0,0,0,,
32,AR,Arunachal Pradesh,AR_Papum Pare,Papum Pare,133,116,17,0,0,0,0,0,0,,
33,AR,Arunachal Pradesh,AR_Shi Yomi,Shi Yomi,0,0,0,0,0,0,0,0,0,,
34,AR,Arunachal Pradesh,AR_Siang,Siang,0,0,0,0,0,0,0,0,0,,
35,AR,Arunachal Pradesh,AR_Tawang,Tawang,1,0,1,0,0,0,0,0,0,,
36,AR,Arunachal Pradesh,AR_Tirap,Tirap,5,2,3,0,0,0,0,0,0,,
37,AR,Arunachal Pradesh,AR_Upper Dibang Valley,Upper Dibang Valley,0,0,0,0,0,0,0,0,0,,
38,AR,Arunachal Pradesh,AR_Upper Siang,Upper Siang,1,0,1,0,0,0,0,0,0,,
39,AR,Arunachal Pradesh,AR_Upper Subansiri,Upper Subansiri,1,1,0,0,0,0,0,0,0,,
40,AR,Arunachal Pradesh,AR_West Kameng,West Kameng,28,19,7,2,0,0,0,0,0,,
41,AR,Arunachal Pradesh,AR_West Siang,West Siang,2,1,1,0,0,0,0,0,0,,
0,AS,Assam,AS_Airport Quarantine,Airport Quarantine,4,4,0,0,0,0,0,0,0,,
42,AS,Assam,AS_Baksa,Baksa,85,84,0,1,0,0,0,0,0,,
43,AS,Assam,AS_Barpeta,Barpeta,150,94,55,1,0,0,0,0,0,,
44,AS,Assam,AS_Biswanath,Biswanath,58,42,16,0,0,0,0,0,0,,
45,AS,Assam,AS_Bongaigaon,Bongaigaon,24,17,7,0,0,0,0,0,0,,
46,AS,Assam,AS_Cachar,Cachar,98,16,82,0,0,0,0,0,0,,
47,AS,Assam,AS_Charaideo,Charaideo,16,16,0,0,0,0,0,0,0,,
48,AS,Assam,AS_Chirang,Chirang,52,52,0,0,0,0,0,0,0,,
49,AS,Assam,AS_Darrang,Darrang,102,102,0,0,0,0,0,0,0,,
50,AS,Assam,AS_Dhemaji,Dhemaji,96,90,6,0,0,0,0,0,0,,
51,AS,Assam,AS_Dhubri,Dhubri,334,329,5,0,0,0,0,0,0,,
52,AS,Assam,AS_Dibrugarh,Dibrugarh,77,72,5,0,0,0,0,0,0,,
53,AS,Assam,AS_Dima Hasao,Dima Hasao,89,80,9,0,0,0,0,0,0,,
54,AS,Assam,AS_Goalpara,Goalpara,57,38,4,0,0,0,0,0,0,,
55,AS,Assam,AS_Golaghat,Golaghat,272,184,88,0,0,0,0,0,0,,
56,AS,Assam,AS_Hailakandi,Hailakandi,78,71,5,2,0,0,0,0,0,,
57,AS,Assam,AS_Hojai,Hojai,267,267,0,0,0,0,0,0,0,,
58,AS,Assam,AS_Jorhat,Jorhat,145,91,54,0,0,0,0,0,0,,
59,AS,Assam,AS_Kamrup,Kamrup,215,193,21,1,0,0,0,0,0,,
60,AS,Assam,AS_Kamrup Metropolitan,Kamrup Metropolitan,6233,5837,386,10,0,0,0,0,0,,
61,AS,Assam,AS_Karbi Anglong,Karbi Anglong,41,31,7,3,0,0,0,0,0,,
62,AS,Assam,AS_Karimganj,Karimganj,106,86,20,0,0,0,0,0,0,,
63,AS,Assam,AS_Kokrajhar,Kokrajhar,86,76,10,0,0,0,0,0,0,,
64,AS,Assam,AS_Lakhimpur,Lakhimpur,85,79,6,0,0,0,0,0,0,,
65,AS,Assam,AS_Majuli,Majuli,21,21,0,0,0,0,0,0,0,,
66,AS,Assam,AS_Morigaon,Morigaon,49,21,28,0,0,0,0,0,0,,
67,AS,Assam,AS_Nagaon,Nagaon,330,304,25,1,0,0,0,0,0,,
68,AS,Assam,AS_Nalbari,Nalbari,28,19,9,0,0,0,0,0,0,,
0,AS,Assam,AS_Other State,Other State,1,0,1,0,0,0,0,0,0,,
69,AS,Assam,AS_Sivasagar,Sivasagar,29,2,26,1,0,0,0,0,0,,
70,AS,Assam,AS_Sonitpur,Sonitpur,122,86,35,1,0,0,0,0,0,,
71,AS,Assam,AS_South Salmara Mankachar,South Salmara Mankachar,7,6,1,0,0,0,0,0,0,,
72,AS,Assam,AS_Tinsukia,Tinsukia,114,108,6,0,0,0,0,0,0,,
73,AS,Assam,AS_Udalguri,Udalguri,234,36,197,1,0,0,0,0,0,,
74,AS,Assam,AS_West Karbi Anglong,West Karbi Anglong,28,28,0,0,0,0,0,0,0,,
75,BR,Bihar,BR_Araria,Araria,166,40,124,2,0,5,3,2,0,,
76,BR,Bihar,BR_Arwal,Arwal,155,41,113,1,0,5,5,0,0,,
77,BR,Bihar,BR_Aurangabad,Aurangabad,302,37,264,1,0,0,-46,46,0,,
78,BR,Bihar,BR_Banka,Banka,295,56,239,0,0,7,3,4,0,,
79,BR,Bihar,BR_Begusarai,Begusarai,658,182,472,4,0,19,19,0,0,,
80,BR,Bihar,BR_Bhagalpur,Bhagalpur,915,351,554,10,0,75,57,16,2,,
81,BR,Bihar,BR_Bhojpur,Bhojpur,299,46,249,4,0,7,-20,26,1,,
82,BR,Bihar,BR_Buxar,Buxar,281,51,230,0,0,7,1,6,0,,
83,BR,Bihar,BR_Darbhanga,Darbhanga,402,68,326,8,0,1,-28,28,1,,
101,BR,Bihar,BR_East Champaran,East Champaran,322,77,239,6,0,11,4,7,0,,
84,BR,Bihar,BR_Gaya,Gaya,370,126,241,3,0,38,20,18,0,,
85,BR,Bihar,BR_Gopalganj,Gopalganj,419,146,273,0,0,23,18,5,0,,
86,BR,Bihar,BR_Jamui,Jamui,164,71,92,1,0,39,32,7,0,,
87,BR,Bihar,BR_Jehanabad,Jehanabad,313,51,259,3,0,7,-6,13,0,,
88,BR,Bihar,BR_Kaimur,Kaimur,222,22,198,2,0,3,3,0,0,,
89,BR,Bihar,BR_Katihar,Katihar,410,42,367,1,0,17,-17,34,0,,
90,BR,Bihar,BR_Khagaria,Khagaria,411,92,316,3,0,12,-3,15,0,,
91,BR,Bihar,BR_Kishanganj,Kishanganj,229,37,190,2,0,0,-17,17,0,,
92,BR,Bihar,BR_Lakhisarai,Lakhisarai,176,44,132,0,0,7,7,0,0,,
93,BR,Bihar,BR_Madhepura,Madhepura,258,50,207,1,0,11,7,4,0,,
94,BR,Bihar,BR_Madhubani,Madhubani,585,77,506,2,0,9,-66,75,0,,
95,BR,Bihar,BR_Munger,Munger,517,166,350,1,0,15,15,0,0,,
96,BR,Bihar,BR_Muzaffarpur,Muzaffarpur,639,203,431,5,0,38,-13,51,0,,
97,BR,Bihar,BR_Nalanda,Nalanda,450,120,325,5,0,6,-76,82,0,,
98,BR,Bihar,BR_Nawada,Nawada,484,167,314,3,0,69,63,6,0,,
100,BR,Bihar,BR_Patna,Patna,1691,783,894,14,0,133,40,92,1,,
102,BR,Bihar,BR_Purnia,Purnia,363,44,319,0,0,18,-14,32,0,,
103,BR,Bihar,BR_Rohtas,Rohtas,416,57,353,6,0,4,-10,14,0,,
104,BR,Bihar,BR_Saharsa,Saharsa,296,48,247,1,0,20,-41,60,1,,
105,BR,Bihar,BR_Samastipur,Samastipur,436,70,359,7,0,24,8,16,0,,
106,BR,Bihar,BR_Saran,Saran,330,89,236,5,0,27,20,7,0,,
107,BR,Bihar,BR_Sheikhpura,Sheikhpura,193,41,152,0,0,5,5,0,0,,
108,BR,Bihar,BR_Sheohar,Sheohar,110,18,91,1,0,2,2,0,0,,
109,BR,Bihar,BR_Sitamarhi,Sitamarhi,168,22,143,3,0,0,0,0,0,,
110,BR,Bihar,BR_Siwan,Siwan,563,103,455,5,0,16,-23,39,0,,
111,BR,Bihar,BR_Supaul,Supaul,357,67,290,0,0,12,12,0,0,,
112,BR,Bihar,BR_Vaishali,Vaishali,340,125,211,4,0,17,5,12,0,,
99,BR,Bihar,BR_West Champaran,West Champaran,334,100,230,4,0,0,-7,6,1,,
113,CH,Chandigarh,CH_Chandigarh,Chandigarh,549,128,413,8,0,13,7,5,1,,
0,CT,Chhattisgarh,CT_Other State,Other State,3,1,1,1,0,0,0,0,0,,
114,CT,Chhattisgarh,CT_Balod,Balod,59,5,54,0,0,0,0,0,0,,
115,CT,Chhattisgarh,CT_Baloda Bazar,Baloda Bazar,291,44,247,0,0,0,0,0,0,,
116,CT,Chhattisgarh,CT_Balrampur,Balrampur,153,20,133,0,0,0,0,0,0,,
117,CT,Chhattisgarh,CT_Bametara,Bametara,84,24,60,0,0,0,0,0,0,,
118,CT,Chhattisgarh,CT_Bastar,Bastar,52,26,25,1,0,0,0,0,0,,
119,CT,Chhattisgarh,CT_Bijapur,Bijapur,17,15,2,0,0,0,0,0,0,,
120,CT,Chhattisgarh,CT_Bilaspur,Bilaspur,286,83,201,2,0,0,0,0,0,,
121,CT,Chhattisgarh,CT_Dakshin Bastar Dantewada,Dakshin Bastar Dantewada,52,34,18,0,0,0,0,0,0,,
122,CT,Chhattisgarh,CT_Dhamtari,Dhamtari,8,0,7,1,0,0,0,0,0,,
123,CT,Chhattisgarh,CT_Durg,Durg,188,20,165,3,0,0,0,0,0,,
124,CT,Chhattisgarh,CT_Gariaband,Gariaband,48,5,43,0,0,0,0,0,0,,
125,CT,Chhattisgarh,CT_Janjgir Champa,Janjgir Champa,280,33,246,1,0,0,0,0,0,,
126,CT,Chhattisgarh,CT_Jashpur,Jashpur,190,2,188,0,0,0,0,0,0,,
127,CT,Chhattisgarh,CT_Kabeerdham,Kabeerdham,111,1,110,0,0,0,0,0,0,,
128,CT,Chhattisgarh,CT_Kondagaon,Kondagaon,5,0,5,0,0,0,0,0,0,,
129,CT,Chhattisgarh,CT_Korba,Korba,340,28,312,0,0,0,0,0,0,,
130,CT,Chhattisgarh,CT_Koriya,Koriya,69,10,59,0,0,0,0,0,0,,
131,CT,Chhattisgarh,CT_Mahasamund,Mahasamund,90,0,89,1,0,0,0,0,0,,
132,CT,Chhattisgarh,CT_Mungeli,Mungeli,123,0,123,0,0,0,0,0,0,,
133,CT,Chhattisgarh,CT_Narayanpur,Narayanpur,92,69,23,0,0,0,0,0,0,,
134,CT,Chhattisgarh,CT_Raigarh,Raigarh,146,13,131,2,0,0,0,0,0,,
135,CT,Chhattisgarh,CT_Raipur,Raipur,602,278,322,2,0,0,0,0,0,,
136,CT,Chhattisgarh,CT_Rajnandgaon,Rajnandgaon,341,30,309,2,0,0,0,0,0,,
137,CT,Chhattisgarh,CT_Sukma,Sukma,6,1,5,0,0,0,0,0,0,,
138,CT,Chhattisgarh,CT_Surajpur,Surajpur,31,6,25,0,0,0,0,0,0,,
139,CT,Chhattisgarh,CT_Surguja,Surguja,84,28,55,1,0,0,0,0,0,,
140,CT,Chhattisgarh,CT_Uttar Bastar Kanker,Uttar Bastar Kanker,78,11,67,0,0,0,0,0,0,,
766,CT,Chhattisgarh,CT_Gaurela Pendra Marwahi,Gaurela Pendra Marwahi,3,0,3,0,0,0,0,0,0,,
144,DL,Delhi,DL_Central Delhi,Central Delhi,184,184,0,0,0,0,0,0,0,,
145,DL,Delhi,DL_East Delhi,East Delhi,38,38,0,0,0,0,0,0,0,,
146,DL,Delhi,DL_New Delhi,New Delhi,37,37,0,0,0,0,0,0,0,,
147,DL,Delhi,DL_North Delhi,North Delhi,60,60,0,0,0,0,0,0,0,,
148,DL,Delhi,DL_North East Delhi,North East Delhi,25,25,0,0,0,0,0,0,0,,
149,DL,Delhi,DL_North West Delhi,North West Delhi,32,31,0,1,0,0,0,0,0,,
150,DL,Delhi,DL_Shahdara,Shahdara,48,48,0,0,0,0,0,0,0,,
151,DL,Delhi,DL_South Delhi,South Delhi,70,70,0,0,0,0,0,0,0,,
152,DL,Delhi,DL_South East Delhi,South East Delhi,130,130,0,0,0,0,0,0,0,,
153,DL,Delhi,DL_South West Delhi,South West Delhi,42,42,0,0,0,0,0,0,0,,
154,DL,Delhi,DL_West Delhi,West Delhi,122,122,0,0,0,0,0,0,0,,
0,DN,Dadra and Nagar Haveli and Daman and Diu,DN_Other State,Other State,0,0,0,0,0,0,0,0,0,,
141,DN,Dadra and Nagar Haveli and Daman and Diu,DN_Dadra and Nagar Haveli,Dadra and Nagar Haveli,214,103,108,0,3,3,1,2,0,,
142,DN,Dadra and Nagar Haveli and Daman and Diu,DN_Daman,Daman,245,128,116,1,0,9,-1,10,0,,
143,DN,Dadra and Nagar Haveli and Daman and Diu,DN_Diu,Diu,23,9,13,0,1,0,0,0,0,,
0,GA,Goa,GA_Other State,Other State,133,107,26,0,0,0,0,0,0,"Travelled by Road,Train,Flight",
155,GA,Goa,GA_North Goa,North Goa,432,288,141,3,0,0,0,0,0,,
156,GA,Goa,GA_South Goa,South Goa,1124,500,618,6,0,0,0,0,0,,
0,GJ,Gujarat,GJ_Other State,Other State,86,49,36,1,0,0,0,0,0,,
157,GJ,Gujarat,GJ_Ahmedabad,Ahmedabad,22923,3619,17789,1515,0,178,48,126,4,,
158,GJ,Gujarat,GJ_Amreli,Amreli,133,44,80,9,0,4,2,2,0,,
159,GJ,Gujarat,GJ_Anand,Anand,287,27,247,13,0,8,2,6,0,,
160,GJ,Gujarat,GJ_Aravalli,Aravalli,248,15,209,24,0,4,-2,6,0,,
161,GJ,Gujarat,GJ_Banaskantha,Banaskantha,323,124,184,15,0,12,12,0,0,,
162,GJ,Gujarat,GJ_Bharuch,Bharuch,401,180,210,11,0,23,5,18,0,,
163,GJ,Gujarat,GJ_Bhavnagar,Bhavnagar,556,321,222,13,0,49,39,10,0,,
164,GJ,Gujarat,GJ_Botad,Botad,116,37,76,3,0,2,1,1,0,,
165,GJ,Gujarat,GJ_Chhota Udaipur,Chhota Udaipur,76,20,54,2,0,1,-1,2,0,,
167,GJ,Gujarat,GJ_Dahod,Dahod,127,73,52,2,0,3,2,0,1,,
187,GJ,Gujarat,GJ_Dang,Dang,7,3,4,0,0,0,0,0,0,,
166,GJ,Gujarat,GJ_Devbhumi Dwarka,Devbhumi Dwarka,29,5,21,3,0,1,1,0,0,,
168,GJ,Gujarat,GJ_Gandhinagar,Gandhinagar,864,219,613,32,0,28,10,18,0,,
169,GJ,Gujarat,GJ_Gir Somnath,Gir Somnath,126,74,51,1,0,8,8,0,0,,
170,GJ,Gujarat,GJ_Jamnagar,Jamnagar,343,147,187,9,0,11,-18,29,0,,
171,GJ,Gujarat,GJ_Junagadh,Junagadh,270,196,70,4,0,24,24,0,0,,
173,GJ,Gujarat,GJ_Kheda,Kheda,285,95,176,14,0,20,14,6,0,,
172,GJ,Gujarat,GJ_Kutch,Kutch,238,88,143,7,0,10,-2,11,1,,
175,GJ,Gujarat,GJ_Mahisagar,Mahisagar,171,51,118,2,0,6,6,0,0,,
174,GJ,Gujarat,GJ_Mehsana,Mehsana,416,212,189,15,0,19,13,6,0,,
176,GJ,Gujarat,GJ_Morbi,Morbi,75,45,27,3,0,7,4,3,0,,
177,GJ,Gujarat,GJ_Narmada,Narmada,108,18,90,0,0,7,7,0,0,,
178,GJ,Gujarat,GJ_Navsari,Navsari,240,113,126,1,0,17,0,17,0,,
179,GJ,Gujarat,GJ_Panchmahal,Panchmahal,236,49,172,15,0,5,0,5,0,,
180,GJ,Gujarat,GJ_Patan,Patan,272,69,184,19,0,5,-5,9,1,,
181,GJ,Gujarat,GJ_Porbandar,Porbandar,24,5,17,2,0,1,1,0,0,,
182,GJ,Gujarat,GJ_Rajkot,Rajkot,609,411,181,17,0,41,41,0,0,,
183,GJ,Gujarat,GJ_Sabarkantha,Sabarkantha,247,90,149,8,0,9,4,5,0,,
184,GJ,Gujarat,GJ_Surat,Surat,7577,2726,4642,209,0,270,131,136,3,,
185,GJ,Gujarat,GJ_Surendranagar,Surendranagar,270,129,131,10,0,10,8,2,0,,
186,GJ,Gujarat,GJ_Tapi,Tapi,40,29,11,0,0,0,-2,2,0,,
188,GJ,Gujarat,GJ_Vadodara,Vadodara,2977,821,2107,49,0,72,4,68,0,,
189,GJ,Gujarat,GJ_Valsad,Valsad,327,205,117,5,0,17,3,14,0,,
212,HP,Himachal Pradesh,HP_Bilaspur,Bilaspur,51,14,37,0,0,0,0,0,0,,
213,HP,Himachal Pradesh,HP_Chamba,Chamba,59,10,48,0,1,0,-1,1,0,,
214,HP,Himachal Pradesh,HP_Hamirpur,Hamirpur,272,44,225,3,0,1,1,0,0,,
215,HP,Himachal Pradesh,HP_Kangra,Kangra,303,51,249,3,0,3,2,1,0,Death of Tibetan refugee on March 22 included in Kangra district's tally,
216,HP,Himachal Pradesh,HP_Kinnaur,Kinnaur,35,28,7,0,0,0,0,0,0,,
217,HP,Himachal Pradesh,HP_Kullu,Kullu,8,3,5,0,0,0,0,0,0,,
218,HP,Himachal Pradesh,HP_Lahaul and Spiti,Lahaul and Spiti,4,3,1,0,0,0,0,0,0,,
219,HP,Himachal Pradesh,HP_Mandi,Mandi,38,8,28,2,0,0,0,0,0,,
220,HP,Himachal Pradesh,HP_Shimla,Shimla,55,15,37,2,1,0,0,0,0,,
221,HP,Himachal Pradesh,HP_Sirmaur,Sirmaur,41,5,29,0,7,0,0,0,0,,
222,HP,Himachal Pradesh,HP_Solan,Solan,175,74,97,0,4,0,0,0,0,,
223,HP,Himachal Pradesh,HP_Una,Una,134,22,112,0,0,0,-1,1,0,,
0,HR,Haryana,HR_Foreign Evacuees,Foreign Evacuees,21,0,21,0,0,0,0,0,0,,
190,HR,Haryana,HR_Ambala,Ambala,495,112,377,6,0,42,22,20,0,,
191,HR,Haryana,HR_Bhiwani,Bhiwani,633,171,458,4,0,14,-1,15,0,,
192,HR,Haryana,HR_Charkhi Dadri,Charkhi Dadri,89,32,56,1,0,0,0,0,0,,
193,HR,Haryana,HR_Faridabad,Faridabad,5198,852,4245,101,0,90,-39,126,3,,
194,HR,Haryana,HR_Fatehabad,Fatehabad,143,28,114,1,0,4,4,0,0,,
195,HR,Haryana,HR_Gurugram,Gurugram,6748,1035,5609,104,0,170,68,101,1,,
196,HR,Haryana,HR_Hisar,Hisar,427,195,225,7,0,31,12,19,0,,
0,HR,Haryana,HR_Italians,Italians,14,0,14,0,0,0,0,0,0,,
197,HR,Haryana,HR_Jhajjar,Jhajjar,464,136,324,4,0,28,-14,42,0,,
198,HR,Haryana,HR_Jind,Jind,150,50,96,4,0,0,0,0,0,,
199,HR,Haryana,HR_Kaithal,Kaithal,129,26,103,0,0,0,0,0,0,,
200,HR,Haryana,HR_Karnal,Karnal,494,195,291,8,0,12,11,1,0,,
201,HR,Haryana,HR_Kurukshetra,Kurukshetra,190,57,132,1,0,9,3,6,0,,
202,HR,Haryana,HR_Mahendragarh,Mahendragarh,423,158,264,1,0,18,8,10,0,,
203,HR,Haryana,HR_Nuh,Nuh,306,74,230,2,0,12,-8,19,1,,
204,HR,Haryana,HR_Palwal,Palwal,445,110,331,4,0,20,20,0,0,,
205,HR,Haryana,HR_Panchkula,Panchkula,141,29,112,0,0,5,3,2,0,,
206,HR,Haryana,HR_Panipat,Panipat,368,186,175,7,0,21,17,4,0,,
207,HR,Haryana,HR_Rewari,Rewari,599,319,275,5,0,56,-31,87,0,,
208,HR,Haryana,HR_Rohtak,Rohtak,899,353,533,13,0,0,0,0,0,,
209,HR,Haryana,HR_Sirsa,Sirsa,191,72,118,1,0,6,0,6,0,,
210,HR,Haryana,HR_Sonipat,Sonipat,1888,676,1190,22,0,110,76,32,2,,
211,HR,Haryana,HR_Yamunanagar,Yamunanagar,127,25,101,1,0,0,0,0,0,,
246,JH,Jharkhand,JH_Bokaro,Bokaro,81,42,37,2,0,0,0,0,0,,
247,JH,Jharkhand,JH_Chatra,Chatra,86,34,52,0,0,0,0,0,0,,
248,JH,Jharkhand,JH_Deoghar,Deoghar,60,17,43,0,0,0,0,0,0,,
249,JH,Jharkhand,JH_Dhanbad,Dhanbad,273,129,141,3,0,0,0,0,0,,
250,JH,Jharkhand,JH_Dumka,Dumka,17,8,9,0,0,0,0,0,0,,
264,JH,Jharkhand,JH_East Singhbhum,East Singhbhum,646,361,283,2,0,0,0,0,0,,
251,JH,Jharkhand,JH_Garhwa,Garhwa,122,25,97,0,0,0,0,0,0,,
252,JH,Jharkhand,JH_Giridih,Giridih,113,25,86,2,0,0,0,0,0,,
253,JH,Jharkhand,JH_Godda,Godda,20,12,8,0,0,0,0,0,0,,
254,JH,Jharkhand,JH_Gumla,Gumla,122,25,96,1,0,0,0,0,0,,
255,JH,Jharkhand,JH_Hazaribagh,Hazaribagh,243,57,183,3,0,0,0,0,0,,
256,JH,Jharkhand,JH_Jamtara,Jamtara,29,1,28,0,0,0,0,0,0,,
257,JH,Jharkhand,JH_Khunti,Khunti,33,5,27,1,0,0,0,0,0,,
258,JH,Jharkhand,JH_Koderma,Koderma,249,86,162,1,0,0,0,0,0,,
259,JH,Jharkhand,JH_Latehar,Latehar,74,19,55,0,0,0,0,0,0,,
260,JH,Jharkhand,JH_Lohardaga,Lohardaga,95,46,49,0,0,0,0,0,0,,
261,JH,Jharkhand,JH_Pakur,Pakur,70,39,31,0,0,0,0,0,0,,
262,JH,Jharkhand,JH_Palamu,Palamu,81,12,69,0,0,0,0,0,0,,
265,JH,Jharkhand,JH_Ramgarh,Ramgarh,158,34,124,0,0,0,0,0,0,,
266,JH,Jharkhand,JH_Ranchi,Ranchi,354,172,177,5,0,0,0,0,0,,
267,JH,Jharkhand,JH_Sahibganj,Sahibganj,36,27,7,2,0,0,0,0,0,,
268,JH,Jharkhand,JH_Saraikela-Kharsawan,Saraikela-Kharsawan,100,51,49,0,0,0,0,0,0,,
269,JH,Jharkhand,JH_Simdega,Simdega,364,9,354,1,0,0,0,0,0,,
263,JH,Jharkhand,JH_West Singhbhum,West Singhbhum,92,35,57,0,0,0,0,0,0,,
224,JK,Jammu and Kashmir,JK_Anantnag,Anantnag,781,175,592,14,0,6,4,1,1,,
226,JK,Jammu and Kashmir,JK_Bandipora,Bandipora,336,44,289,3,0,0,-6,6,0,,
227,JK,Jammu and Kashmir,JK_Baramulla,Baramulla,1288,743,513,32,0,37,36,0,1,,
225,JK,Jammu and Kashmir,JK_Budgam,Budgam,532,213,307,12,0,4,-11,14,1,,
228,JK,Jammu and Kashmir,JK_Doda,Doda,124,54,68,2,0,0,0,0,0,,
229,JK,Jammu and Kashmir,JK_Ganderbal,Ganderbal,161,73,86,2,0,1,0,0,1,,
230,JK,Jammu and Kashmir,JK_Jammu,Jammu,473,135,329,9,0,21,14,7,0,,
231,JK,Jammu and Kashmir,JK_Kathua,Kathua,292,81,210,1,0,20,16,4,0,,
232,JK,Jammu and Kashmir,JK_Kishtwar,Kishtwar,45,20,25,0,0,1,1,0,0,,
233,JK,Jammu and Kashmir,JK_Kulgam,Kulgam,986,312,656,18,0,23,14,9,0,,
234,JK,Jammu and Kashmir,JK_Kupwara,Kupwara,746,264,473,9,0,37,21,15,1,,
235,JK,Jammu and Kashmir,JK_Mirpur,Mirpur,0,0,0,0,0,0,0,0,0,,
236,JK,Jammu and Kashmir,JK_Muzaffarabad,Muzaffarabad,0,0,0,0,0,0,0,0,0,,
237,JK,Jammu and Kashmir,JK_Pulwama,Pulwama,645,297,343,5,0,5,-34,39,0,,
238,JK,Jammu and Kashmir,JK_Punch,Punch,142,22,119,1,0,3,1,2,0,,
239,JK,Jammu and Kashmir,JK_Rajouri,Rajouri,269,180,88,1,0,29,29,0,0,,
240,JK,Jammu and Kashmir,JK_Ramban,Ramban,254,48,206,0,0,0,0,0,0,,
241,JK,Jammu and Kashmir,JK_Reasi,Reasi,57,18,39,0,0,4,4,0,0,,
242,JK,Jammu and Kashmir,JK_Samba,Samba,224,86,137,1,0,6,5,0,1,,
243,JK,Jammu and Kashmir,JK_Shopiyan,Shopiyan,888,198,674,16,0,1,-11,11,1,,
244,JK,Jammu and Kashmir,JK_Srinagar,Srinagar,1612,1076,494,42,0,67,64,0,3,,
245,JK,Jammu and Kashmir,JK_Udhampur,Udhampur,301,53,247,1,0,3,2,1,0,,
270,KA,Karnataka,KA_Bagalkote,Bagalkote,392,233,150,9,0,37,35,0,2,,
271,KA,Karnataka,KA_Ballari,Ballari,1619,605,972,42,0,65,-166,230,1,,
272,KA,Karnataka,KA_Belagavi,Belagavi,468,97,362,9,0,3,-19,20,2,,
274,KA,Karnataka,KA_Bengaluru Rural,Bengaluru Rural,345,292,46,7,0,5,5,0,0,,
273,KA,Karnataka,KA_Bengaluru Urban,Bengaluru Urban,16862,12792,3840,229,1,1533,1106,404,23,,
275,KA,Karnataka,KA_Bidar,Bidar,976,331,591,54,0,63,33,29,1,,
276,KA,Karnataka,KA_Chamarajanagara,Chamarajanagara,158,109,49,0,0,17,17,0,0,,
277,KA,Karnataka,KA_Chikkaballapura,Chikkaballapura,364,140,210,13,1,20,18,0,2,,
278,KA,Karnataka,KA_Chikkamagaluru,Chikkamagaluru,134,45,86,3,0,3,1,2,0,,
279,KA,Karnataka,KA_Chitradurga,Chitradurga,103,33,70,0,0,9,9,0,0,,
280,KA,Karnataka,KA_Dakshina Kannada,Dakshina Kannada,2026,1242,746,36,2,186,167,14,5,,
281,KA,Karnataka,KA_Davanagere,Davanagere,516,155,344,17,0,72,64,5,3,,
282,KA,Karnataka,KA_Dharwad,Dharwad,959,608,319,32,0,77,62,12,3,,
283,KA,Karnataka,KA_Gadag,Gadag,302,130,163,9,0,40,37,0,3,,
284,KA,Karnataka,KA_Hassan,Hassan,654,251,386,17,0,34,32,0,2,,
285,KA,Karnataka,KA_Haveri,Haveri,289,167,118,4,0,16,11,4,1,,
286,KA,Karnataka,KA_Kalaburagi,Kalaburagi,2024,528,1460,36,0,65,47,16,2,,
287,KA,Karnataka,KA_Kodagu,Kodagu,141,123,17,1,0,12,12,0,0,,
288,KA,Karnataka,KA_Kolar,Kolar,261,145,114,2,0,12,-12,24,0,,
289,KA,Karnataka,KA_Koppal,Koppal,187,84,99,4,0,23,9,12,2,,
290,KA,Karnataka,KA_Mandya,Mandya,684,221,463,0,0,23,-9,32,0,,
291,KA,Karnataka,KA_Mysuru,Mysuru,773,360,385,28,0,83,53,22,8,,
0,KA,Karnataka,KA_Other State,Other State,36,1,32,3,0,0,0,0,0,,
292,KA,Karnataka,KA_Raichur,Raichur,670,196,465,9,0,14,10,3,1,,
293,KA,Karnataka,KA_Ramanagara,Ramanagara,385,224,153,8,0,30,29,0,1,,
294,KA,Karnataka,KA_Shivamogga,Shivamogga,404,228,169,7,0,26,23,0,3,,
295,KA,Karnataka,KA_Tumakuru,Tumakuru,407,309,85,13,0,78,76,0,2,,
296,KA,Karnataka,KA_Udupi,Udupi,1566,329,1234,3,0,90,69,21,0,,
297,KA,Karnataka,KA_Uttara Kannada,Uttara Kannada,585,354,227,4,0,40,32,7,1,,
298,KA,Karnataka,KA_Vijayapura,Vijayapura,758,263,480,15,0,48,29,17,2,,
299,KA,Karnataka,KA_Yadgir,Yadgir,1168,284,883,1,0,74,68,6,0,,
0,KL,Kerala,KL_Other State,Other State,0,0,0,0,0,0,0,0,0,,
300,KL,Kerala,KL_Alappuzha,Alappuzha,588,334,252,1,1,87,76,11,0,,
301,KL,Kerala,KL_Ernakulam,Ernakulam,457,256,197,3,1,47,43,3,1,,
302,KL,Kerala,KL_Idukki,Idukki,191,100,91,0,0,5,1,4,0,,
303,KL,Kerala,KL_Kannur,Kannur,691,309,377,5,0,19,18,1,0,,
304,KL,Kerala,KL_Kasaragod,Kasaragod,585,160,425,0,0,18,18,0,0,,
305,KL,Kerala,KL_Kollam,Kollam,491,182,307,2,0,18,-8,26,0,,
306,KL,Kerala,KL_Kottayam,Kottayam,317,132,184,1,0,15,9,6,0,,
307,KL,Kerala,KL_Kozhikode,Kozhikode,399,174,223,2,0,17,13,4,0,,
308,KL,Kerala,KL_Malappuram,Malappuram,948,488,455,5,0,51,36,15,0,,
309,KL,Kerala,KL_Palakkad,Palakkad,824,294,528,1,1,48,41,7,0,,
310,KL,Kerala,KL_Pathanamthitta,Pathanamthitta,492,225,266,0,1,54,11,43,0,,
311,KL,Kerala,KL_Thiruvananthapuram,Thiruvananthapuram,702,495,201,6,0,69,62,6,1,,
312,KL,Kerala,KL_Thrissur,Thrissur,603,224,376,3,0,29,12,17,0,,
313,KL,Kerala,KL_Wayanad,Wayanad,151,69,81,1,0,11,11,0,0,,
314,LA,Ladakh,LA_Kargil,Kargil,721,44,677,0,0,7,0,7,0,,
315,LA,Ladakh,LA_Leh,Leh,356,104,251,1,0,6,2,4,0,,
316,LD,Lakshadweep,LD_Lakshadweep,Lakshadweep,0,0,0,0,0,0,0,0,0,,
369,MH,Maharashtra,MH_Ahmednagar,Ahmednagar,703,212,471,20,0,0,0,0,0,,
370,MH,Maharashtra,MH_Akola,Akola,1796,277,1427,91,1,0,0,0,0,,
371,MH,Maharashtra,MH_Amravati,Amravati,796,211,551,34,0,0,0,0,0,,
372,MH,Maharashtra,MH_Aurangabad,Aurangabad,7691,3806,3562,323,0,0,0,0,0,,
374,MH,Maharashtra,MH_Beed,Beed,191,84,103,4,0,0,0,0,0,,
373,MH,Maharashtra,MH_Bhandara,Bhandara,148,66,82,0,0,0,0,0,0,,
375,MH,Maharashtra,MH_Buldhana,Buldhana,379,166,197,16,0,0,0,0,0,,
376,MH,Maharashtra,MH_Chandrapur,Chandrapur,145,52,93,0,0,0,0,0,0,,
377,MH,Maharashtra,MH_Dhule,Dhule,1423,514,834,73,2,0,0,0,0,,
378,MH,Maharashtra,MH_Gadchiroli,Gadchiroli,96,29,66,1,0,0,0,0,0,,
379,MH,Maharashtra,MH_Gondia,Gondia,199,70,127,2,0,0,0,0,0,,
380,MH,Maharashtra,MH_Hingoli,Hingoli,325,48,275,2,0,0,0,0,0,,
381,MH,Maharashtra,MH_Jalgaon,Jalgaon,5260,1787,3147,326,0,0,0,0,0,,
382,MH,Maharashtra,MH_Jalna,Jalna,880,369,475,36,0,0,0,0,0,,
383,MH,Maharashtra,MH_Kolhapur,Kolhapur,1062,280,765,17,0,0,0,0,0,,
384,MH,Maharashtra,MH_Latur,Latur,606,293,284,29,0,0,0,0,0,,
385,MH,Maharashtra,MH_Mumbai,Mumbai,90461,23035,61934,5205,287,0,0,0,0,,
386,MH,Maharashtra,MH_Mumbai Suburban,Mumbai Suburban,0,0,0,0,0,0,0,0,0,,
387,MH,Maharashtra,MH_Nagpur,Nagpur,1910,527,1364,19,0,0,0,0,0,,
388,MH,Maharashtra,MH_Nanded,Nanded,529,262,248,19,0,0,0,0,0,,
389,MH,Maharashtra,MH_Nandurbar,Nandurbar,240,80,149,11,0,0,0,0,0,,
390,MH,Maharashtra,MH_Nashik,Nashik,6585,2683,3633,269,0,0,0,0,0,,
391,MH,Maharashtra,MH_Osmanabad,Osmanabad,332,109,209,14,0,0,0,0,0,,
0,MH,Maharashtra,MH_Other State,Other State,175,147,0,28,0,0,0,0,0,,
392,MH,Maharashtra,MH_Palghar,Palghar,8963,4238,4554,171,0,0,0,0,0,,
393,MH,Maharashtra,MH_Parbhani,Parbhani,180,79,96,5,0,0,0,0,0,,
394,MH,Maharashtra,MH_Pune,Pune,35232,18680,15526,1026,0,0,0,0,0,,
395,MH,Maharashtra,MH_Raigad,Raigad,7613,3953,3507,151,2,0,0,0,0,,
396,MH,Maharashtra,MH_Ratnagiri,Ratnagiri,832,260,543,29,0,0,0,0,0,,
397,MH,Maharashtra,MH_Sangli,Sangli,550,234,302,14,0,0,0,0,0,,
398,MH,Maharashtra,MH_Satara,Satara,1585,611,909,64,1,0,0,0,0,,
399,MH,Maharashtra,MH_Sindhudurg,Sindhudurg,254,46,203,5,0,0,0,0,0,,
400,MH,Maharashtra,MH_Solapur,Solapur,3595,1274,1986,334,1,0,0,0,0,,
401,MH,Maharashtra,MH_Thane,Thane,57138,30977,24624,1536,1,0,0,0,0,,
402,MH,Maharashtra,MH_Wardha,Wardha,28,12,14,1,1,0,0,0,0,,
403,MH,Maharashtra,MH_Washim,Washim,157,54,99,4,0,0,0,0,0,,
404,MH,Maharashtra,MH_Yavatmal,Yavatmal,402,122,266,14,0,0,0,0,0,,
421,ML,Meghalaya,ML_East Garo Hills,East Garo Hills,0,0,0,0,0,0,0,0,0,,
422,ML,Meghalaya,ML_East Jaintia Hills,East Jaintia Hills,1,1,0,0,0,0,0,0,0,,
423,ML,Meghalaya,ML_East Khasi Hills,East Khasi Hills,136,118,17,1,0,0,0,0,0,,
424,ML,Meghalaya,ML_North Garo Hills,North Garo Hills,1,0,1,0,0,0,0,0,0,,
425,ML,Meghalaya,ML_Ribhoi,Ribhoi,16,16,0,0,0,0,0,0,0,,
426,ML,Meghalaya,ML_South Garo Hills,South Garo Hills,0,0,0,0,0,0,0,0,0,,
427,ML,Meghalaya,ML_South West Garo Hills,South West Garo Hills,7,1,6,0,0,0,0,0,0,,
428,ML,Meghalaya,ML_South West Khasi Hills,South West Khasi Hills,0,0,0,0,0,0,0,0,0,,
429,ML,Meghalaya,ML_West Garo Hills,West Garo Hills,8,4,4,0,0,0,0,0,0,,
430,ML,Meghalaya,ML_West Jaintia Hills,West Jaintia Hills,5,0,5,0,0,0,0,0,0,,
431,ML,Meghalaya,ML_West Khasi Hills,West Khasi Hills,1,1,0,0,0,0,0,0,0,,
405,MN,Manipur,MN_Bishnupur,Bishnupur,82,25,57,0,0,0,0,0,0,,
406,MN,Manipur,MN_Chandel,Chandel,38,34,4,0,0,0,0,0,0,,
407,MN,Manipur,MN_Churachandpur,Churachandpur,149,94,55,0,0,0,0,0,0,,
408,MN,Manipur,MN_Imphal East,Imphal East,48,32,16,0,0,0,0,0,0,,
409,MN,Manipur,MN_Imphal West,Imphal West,122,70,52,0,0,1,1,0,0,,
410,MN,Manipur,MN_Jiribam,Jiribam,66,64,2,0,0,7,7,0,0,,
411,MN,Manipur,MN_Kakching,Kakching,106,81,25,0,0,0,0,0,0,,
412,MN,Manipur,MN_Kamjong,Kamjong,123,106,17,0,0,0,0,0,0,,
413,MN,Manipur,MN_Kangpokpi,Kangpokpi,160,142,18,0,0,0,0,0,0,,
414,MN,Manipur,MN_Noney,Noney,25,8,17,0,0,0,0,0,0,,
415,MN,Manipur,MN_Pherzawl,Pherzawl,32,29,3,0,0,0,0,0,0,,
416,MN,Manipur,MN_Senapati,Senapati,167,157,10,0,0,0,0,0,0,,
417,MN,Manipur,MN_Tamenglong,Tamenglong,191,166,25,0,0,0,0,0,0,,
418,MN,Manipur,MN_Tengnoupal,Tengnoupal,14,1,13,0,0,0,0,0,0,,
419,MN,Manipur,MN_Thoubal,Thoubal,67,44,23,0,0,0,0,0,0,,
420,MN,Manipur,MN_Ukhrul,Ukhrul,203,186,17,0,0,3,3,0,0,,
317,MP,Madhya Pradesh,MP_Agar Malwa,Agar Malwa,25,9,14,2,0,2,2,0,0,,
318,MP,Madhya Pradesh,MP_Alirajpur,Alirajpur,13,8,4,1,0,2,2,0,0,,
319,MP,Madhya Pradesh,MP_Anuppur,Anuppur,31,2,29,0,0,0,0,0,0,,
320,MP,Madhya Pradesh,MP_Ashoknagar,Ashoknagar,60,17,42,1,0,2,2,0,0,,
321,MP,Madhya Pradesh,MP_Balaghat,Balaghat,48,19,29,0,0,1,1,0,0,,
322,MP,Madhya Pradesh,MP_Barwani,Barwani,167,49,114,4,0,11,11,0,0,,
323,MP,Madhya Pradesh,MP_Betul,Betul,100,34,66,0,0,3,-3,6,0,,
324,MP,Madhya Pradesh,MP_Bhind,Bhind,338,76,262,0,0,16,10,6,0,,
325,MP,Madhya Pradesh,MP_Bhopal,Bhopal,3407,680,2609,118,0,72,38,32,2,,
326,MP,Madhya Pradesh,MP_Burhanpur,Burhanpur,421,19,379,23,0,0,0,0,0,,
327,MP,Madhya Pradesh,MP_Chhatarpur,Chhatarpur,66,8,58,0,0,3,2,1,0,,
328,MP,Madhya Pradesh,MP_Chhindwara,Chhindwara,72,13,57,2,0,0,-4,4,0,,
329,MP,Madhya Pradesh,MP_Damoh,Damoh,55,15,40,0,0,1,1,0,0,,
330,MP,Madhya Pradesh,MP_Datia,Datia,63,18,44,1,0,3,3,0,0,,
331,MP,Madhya Pradesh,MP_Dewas,Dewas,257,40,207,10,0,11,11,0,0,,
332,MP,Madhya Pradesh,MP_Dhar,Dhar,193,15,170,8,0,2,-2,4,0,,
333,MP,Madhya Pradesh,MP_Dindori,Dindori,31,1,30,0,0,0,0,0,0,,
335,MP,Madhya Pradesh,MP_Guna,Guna,29,11,16,2,0,0,-3,3,0,,
336,MP,Madhya Pradesh,MP_Gwalior,Gwalior,888,468,417,3,0,58,53,5,0,,
337,MP,Madhya Pradesh,MP_Harda,Harda,64,31,30,3,0,2,2,0,0,,
338,MP,Madhya Pradesh,MP_Hoshangabad,Hoshangabad,50,7,39,4,0,2,2,0,0,,
339,MP,Madhya Pradesh,MP_Indore,Indore,5176,959,3956,261,0,89,76,10,3,,
340,MP,Madhya Pradesh,MP_Jabalpur,Jabalpur,518,115,389,14,0,22,11,11,0,,
341,MP,Madhya Pradesh,MP_Jhabua,Jhabua,42,26,15,1,0,3,3,0,0,,
342,MP,Madhya Pradesh,MP_Katni,Katni,30,11,16,3,0,1,1,0,0,,
334,MP,Madhya Pradesh,MP_Khandwa,Khandwa,393,80,296,17,0,14,8,6,0,,
368,MP,Madhya Pradesh,MP_Khargone,Khargone,356,54,287,15,0,12,2,10,0,,
343,MP,Madhya Pradesh,MP_Mandla,Mandla,7,1,5,1,0,1,1,0,0,,
344,MP,Madhya Pradesh,MP_Mandsaur,Mandsaur,176,45,122,9,0,12,4,8,0,,
345,MP,Madhya Pradesh,MP_Morena,Morena,945,464,476,5,0,101,53,48,0,,
346,MP,Madhya Pradesh,MP_Narsinghpur,Narsinghpur,36,6,30,0,0,0,0,0,0,,
347,MP,Madhya Pradesh,MP_Neemuch,Neemuch,487,41,438,8,0,7,7,0,0,,
348,MP,Madhya Pradesh,MP_Niwari,Niwari,12,4,8,0,0,0,0,0,0,,
0,MP,Madhya Pradesh,MP_Other Region,Other Region,0,0,0,0,0,0,0,0,0,,
349,MP,Madhya Pradesh,MP_Panna,Panna,58,21,37,0,0,1,-2,3,0,,
350,MP,Madhya Pradesh,MP_Raisen,Raisen,114,2,107,5,0,0,-2,2,0,,
351,MP,Madhya Pradesh,MP_Rajgarh,Rajgarh,114,22,85,7,0,1,0,0,1,,
352,MP,Madhya Pradesh,MP_Ratlam,Ratlam,215,45,164,6,0,10,5,5,0,,
353,MP,Madhya Pradesh,MP_Rewa,Rewa,71,14,56,1,0,0,-1,1,0,,
354,MP,Madhya Pradesh,MP_Sagar,Sagar,441,50,369,22,0,5,-14,19,0,,
355,MP,Madhya Pradesh,MP_Satna,Satna,48,11,35,2,0,0,0,0,0,,
356,MP,Madhya Pradesh,MP_Sehore,Sehore,40,26,12,2,0,3,3,0,0,,
357,MP,Madhya Pradesh,MP_Seoni,Seoni,20,7,13,0,0,1,1,0,0,,
358,MP,Madhya Pradesh,MP_Shahdol,Shahdol,28,6,22,0,0,0,0,0,0,,
359,MP,Madhya Pradesh,MP_Shajapur,Shajapur,102,40,59,3,0,8,4,4,0,,
360,MP,Madhya Pradesh,MP_Sheopur,Sheopur,101,24,75,2,0,2,0,2,0,,
361,MP,Madhya Pradesh,MP_Shivpuri,Shivpuri,146,110,36,0,0,33,33,0,0,,
362,MP,Madhya Pradesh,MP_Sidhi,Sidhi,28,8,19,1,0,0,-1,1,0,,
363,MP,Madhya Pradesh,MP_Singrauli,Singrauli,29,15,14,0,0,1,1,0,0,,
364,MP,Madhya Pradesh,MP_Tikamgarh,Tikamgarh,107,61,41,5,0,6,4,2,0,,
365,MP,Madhya Pradesh,MP_Ujjain,Ujjain,880,24,785,71,0,4,3,1,0,,
366,MP,Madhya Pradesh,MP_Umaria,Umaria,24,14,9,1,0,13,13,0,0,,
367,MP,Madhya Pradesh,MP_Vidisha,Vidisha,79,32,47,0,0,3,-1,4,0,,
432,MZ,Mizoram,MZ_Aizawl,Aizawl,80,42,38,0,0,0,-3,3,0,,
433,MZ,Mizoram,MZ_Champhai,Champhai,10,2,8,0,0,0,0,0,0,,
729,MZ,Mizoram,MZ_Hnahthial,Hnahthial,0,0,0,0,0,0,0,0,0,,
730,MZ,Mizoram,MZ_Khawzawl,Khawzawl,3,0,3,0,0,0,0,0,0,,
434,MZ,Mizoram,MZ_Kolasib,Kolasib,12,1,11,0,0,0,0,0,0,,
435,MZ,Mizoram,MZ_Lawngtlai,Lawngtlai,12,4,8,0,0,0,0,0,0,,
436,MZ,Mizoram,MZ_Lunglei,Lunglei,57,10,47,0,0,0,0,0,0,,
437,MZ,Mizoram,MZ_Mamit,Mamit,20,0,20,0,0,0,-4,4,0,,
438,MZ,Mizoram,MZ_Saiha,Saiha,23,14,9,0,0,0,0,0,0,,
728,MZ,Mizoram,MZ_Saitual,Saitual,3,0,3,0,0,0,0,0,0,,
439,MZ,Mizoram,MZ_Serchhip,Serchhip,5,2,3,0,0,0,0,0,0,,
0,NL,Nagaland,NL_Others,Others,46,46,0,0,0,0,0,0,0,,
440,NL,Nagaland,NL_Dimapur,Dimapur,141,112,29,0,0,0,0,0,0,,
441,NL,Nagaland,NL_Kiphire,Kiphire,4,4,0,0,0,0,0,0,0,,
442,NL,Nagaland,NL_Kohima,Kohima,81,67,14,0,0,7,7,0,0,,
443,NL,Nagaland,NL_Longleng,Longleng,2,2,0,0,0,0,0,0,0,,
444,NL,Nagaland,NL_Mokokchung,Mokokchung,4,4,0,0,0,1,1,0,0,,
445,NL,Nagaland,NL_Mon,Mon,101,101,0,0,0,3,3,0,0,,
446,NL,Nagaland,NL_Peren,Peren,292,276,16,0,0,0,0,0,0,,
447,NL,Nagaland,NL_Phek,Phek,14,13,1,0,0,0,0,0,0,,
448,NL,Nagaland,NL_Tuensang,Tuensang,46,46,0,0,0,5,5,0,0,,
449,NL,Nagaland,NL_Wokha,Wokha,11,11,0,0,0,0,0,0,0,,
450,NL,Nagaland,NL_Zunheboto,Zunheboto,6,6,0,0,0,0,0,0,0,,
0,OR,Odisha,OR_Others,Others,0,0,0,0,0,0,0,0,0,Includes NDRF-ODRF returnees after West Bengal Amphan duty,
451,OR,Odisha,OR_Angul,Angul,133,32,100,1,0,11,3,8,0,,
452,OR,Odisha,OR_Balangir,Balangir,260,48,212,0,0,0,0,0,0,,
453,OR,Odisha,OR_Balasore,Balasore,508,120,386,2,0,3,-8,11,0,,
454,OR,Odisha,OR_Bargarh,Bargarh,168,28,139,1,0,0,-1,1,0,,
456,OR,Odisha,OR_Bhadrak,Bhadrak,282,21,258,3,0,2,1,1,0,,
455,OR,Odisha,OR_Boudh,Boudh,53,11,42,0,0,3,3,0,0,,
457,OR,Odisha,OR_Cuttack,Cuttack,987,308,670,9,0,46,19,26,1,,
458,OR,Odisha,OR_Deogarh,Deogarh,66,4,62,0,0,0,-1,1,0,,
459,OR,Odisha,OR_Dhenkanal,Dhenkanal,95,16,79,0,0,0,0,0,0,,
460,OR,Odisha,OR_Gajapati,Gajapati,593,153,439,1,0,25,23,2,0,,
461,OR,Odisha,OR_Ganjam,Ganjam,3634,1518,2079,37,0,218,29,187,2,,
462,OR,Odisha,OR_Jagatsinghpur,Jagatsinghpur,389,91,298,0,0,16,16,0,0,,
463,OR,Odisha,OR_Jajpur,Jajpur,799,270,528,1,0,40,13,27,0,,
464,OR,Odisha,OR_Jharsuguda,Jharsuguda,165,37,128,0,0,31,29,2,0,,
465,OR,Odisha,OR_Kalahandi,Kalahandi,79,8,71,0,0,0,0,0,0,,
466,OR,Odisha,OR_Kandhamal,Kandhamal,193,8,185,0,0,0,0,0,0,,
467,OR,Odisha,OR_Kendrapara,Kendrapara,296,30,264,2,0,6,-1,6,1,,
468,OR,Odisha,OR_Kendujhar,Kendujhar,292,113,178,1,0,14,-17,31,0,,
469,OR,Odisha,OR_Khordha,Khordha,1231,351,868,12,0,37,-1,37,1,,
470,OR,Odisha,OR_Koraput,Koraput,95,48,47,0,0,11,11,0,0,,
471,OR,Odisha,OR_Malkangiri,Malkangiri,134,33,101,0,0,0,0,0,0,,
472,OR,Odisha,OR_Mayurbhanj,Mayurbhanj,327,111,214,2,0,10,10,0,0,,
473,OR,Odisha,OR_Nabarangapur,Nabarangapur,89,35,53,1,0,0,0,0,0,,
474,OR,Odisha,OR_Nayagarh,Nayagarh,265,90,175,0,0,37,19,18,0,,
475,OR,Odisha,OR_Nuapada,Nuapada,86,4,82,0,0,0,0,0,0,,
476,OR,Odisha,OR_Puri,Puri,353,87,263,3,0,15,-2,16,1,,
477,OR,Odisha,OR_Rayagada,Rayagada,139,15,123,1,0,0,0,0,0,,
478,OR,Odisha,OR_Sambalpur,Sambalpur,111,41,70,0,0,1,-13,14,0,,
479,OR,Odisha,OR_Subarnapur,Subarnapur,44,7,37,0,0,0,0,0,0,,
480,OR,Odisha,OR_Sundargarh,Sundargarh,660,449,209,2,0,44,44,0,0,,
485,PB,Punjab,PB_Amritsar,Amritsar,1040,172,817,51,0,19,19,0,0,,
486,PB,Punjab,PB_Barnala,Barnala,74,23,49,2,0,2,2,0,0,,
487,PB,Punjab,PB_Bathinda,Bathinda,129,38,87,4,0,1,0,0,1,,
488,PB,Punjab,PB_Faridkot,Faridkot,152,44,108,0,0,3,3,0,0,,
489,PB,Punjab,PB_Fatehgarh Sahib,Fatehgarh Sahib,144,24,118,2,0,2,2,0,0,,
490,PB,Punjab,PB_Fazilka,Fazilka,105,9,96,0,0,2,-2,4,0,,
491,PB,Punjab,PB_Ferozepur,Ferozepur,155,67,85,3,0,8,8,0,0,,
492,PB,Punjab,PB_Gurdaspur,Gurdaspur,287,47,232,8,0,1,-10,11,0,,
493,PB,Punjab,PB_Hoshiarpur,Hoshiarpur,194,15,172,7,0,1,1,0,0,,
494,PB,Punjab,PB_Jalandhar,Jalandhar,1187,486,676,25,0,77,75,0,2,,
495,PB,Punjab,PB_Kapurthala,Kapurthala,126,32,88,6,0,0,0,0,0,,
496,PB,Punjab,PB_Ludhiana,Ludhiana,1316,674,611,31,0,29,28,0,1,,
497,PB,Punjab,PB_Mansa,Mansa,57,12,45,0,0,0,0,0,0,,
498,PB,Punjab,PB_Moga,Moga,143,43,96,4,0,5,5,0,0,,
499,PB,Punjab,PB_Pathankot,Pathankot,244,28,209,7,0,0,-2,1,1,,
500,PB,Punjab,PB_Patiala,Patiala,563,328,223,12,0,55,53,0,2,,
501,PB,Punjab,PB_Rupnagar,Rupnagar,124,17,106,1,0,0,0,0,0,,
502,PB,Punjab,PB_S.A.S. Nagar,S.A.S. Nagar,368,104,257,7,0,12,12,0,0,,
503,PB,Punjab,PB_Sangrur,Sangrur,629,110,501,18,0,7,-1,7,1,,
504,PB,Punjab,PB_Shahid Bhagat Singh Nagar,Shahid Bhagat Singh Nagar,190,49,140,1,0,6,6,0,0,,
505,PB,Punjab,PB_Sri Muktsar Sahib,Sri Muktsar Sahib,144,10,133,1,0,0,0,0,0,,
506,PB,Punjab,PB_Tarn Taran,Tarn Taran,216,20,191,5,0,0,0,0,0,,
481,PY,Puducherry,PY_Karaikal,Karaikal,86,43,41,2,0,10,7,2,1,,
482,PY,Puducherry,PY_Mahe,Mahe,21,3,18,0,0,1,1,0,0,,
483,PY,Puducherry,PY_Puducherry,Puducherry,1204,557,631,16,0,48,-3,51,0,"21 cases(16 of TN, 1 of AP & 4 other) have been transferred,so have been reduced from the total count",
484,PY,Puducherry,PY_Yanam,Yanam,25,25,0,0,0,5,5,0,0,"2 cases of AP have been transferred,so have been reduced from the total count",
507,RJ,Rajasthan,RJ_Ajmer,Ajmer,720,181,515,24,0,0,-1,0,1,,
508,RJ,Rajasthan,RJ_Alwar,Alwar,1110,711,393,6,0,40,40,0,0,,
509,RJ,Rajasthan,RJ_Banswara,Banswara,100,1,97,2,0,0,0,0,0,,
510,RJ,Rajasthan,RJ_Baran,Baran,74,8,62,4,0,0,0,0,0,,
511,RJ,Rajasthan,RJ_Barmer,Barmer,646,256,386,4,0,3,3,0,0,,
512,RJ,Rajasthan,RJ_Bharatpur,Bharatpur,1947,261,1645,41,0,17,14,3,0,,
513,RJ,Rajasthan,RJ_Bhilwara,Bhilwara,284,23,255,6,0,0,0,0,0,,
514,RJ,Rajasthan,RJ_Bikaner,Bikaner,757,455,281,21,0,0,0,0,0,,
0,RJ,Rajasthan,RJ_BSF Camp,BSF Camp,54,4,50,0,0,0,0,0,0,,
515,RJ,Rajasthan,RJ_Bundi,Bundi,18,4,14,0,0,0,0,0,0,,
516,RJ,Rajasthan,RJ_Chittorgarh,Chittorgarh,215,4,205,6,0,0,0,0,0,,
517,RJ,Rajasthan,RJ_Churu,Churu,369,40,327,2,0,0,0,0,0,,
518,RJ,Rajasthan,RJ_Dausa,Dausa,207,40,163,4,0,0,0,0,0,,
519,RJ,Rajasthan,RJ_Dholpur,Dholpur,817,114,692,11,0,0,0,0,0,,
520,RJ,Rajasthan,RJ_Dungarpur,Dungarpur,481,32,448,1,0,0,0,0,0,,
0,RJ,Rajasthan,RJ_Evacuees,Evacuees,61,0,61,0,0,0,0,0,0,,
521,RJ,Rajasthan,RJ_Ganganagar,Ganganagar,70,22,45,3,0,0,0,0,0,,
522,RJ,Rajasthan,RJ_Hanumangarh,Hanumangarh,125,55,70,0,0,0,0,0,0,,
0,RJ,Rajasthan,RJ_Italians,Italians,2,0,2,0,0,0,0,0,0,,
523,RJ,Rajasthan,RJ_Jaipur,Jaipur,3838,615,3052,171,0,33,32,0,1,,
524,RJ,Rajasthan,RJ_Jaisalmer,Jaisalmer,118,7,111,0,0,0,0,0,0,,
525,RJ,Rajasthan,RJ_Jalore,Jalore,509,228,278,3,0,0,0,0,0,,
526,RJ,Rajasthan,RJ_Jhalawar,Jhalawar,380,2,378,0,0,0,0,0,0,,
527,RJ,Rajasthan,RJ_Jhunjhunu,Jhunjhunu,449,34,412,3,0,3,-7,10,0,,
528,RJ,Rajasthan,RJ_Jodhpur,Jodhpur,3582,790,2727,65,0,0,0,0,0,,
529,RJ,Rajasthan,RJ_Karauli,Karauli,131,26,101,4,0,3,3,0,0,,
530,RJ,Rajasthan,RJ_Kota,Kota,777,87,664,26,0,1,1,0,0,,
531,RJ,Rajasthan,RJ_Nagaur,Nagaur,904,260,629,15,0,21,21,0,0,,
0,RJ,Rajasthan,RJ_Other State,Other State,155,83,41,31,0,0,0,0,0,,
532,RJ,Rajasthan,RJ_Pali,Pali,1413,261,1137,15,0,0,0,0,0,,
533,RJ,Rajasthan,RJ_Pratapgarh,Pratapgarh,145,129,15,1,0,3,2,1,0,,
534,RJ,Rajasthan,RJ_Rajsamand,Rajsamand,362,94,267,1,0,7,7,0,0,,
535,RJ,Rajasthan,RJ_Sawai Madhopur,Sawai Madhopur,128,23,96,9,0,7,7,0,0,,
536,RJ,Rajasthan,RJ_Sikar,Sikar,685,75,603,7,0,0,0,0,0,,
537,RJ,Rajasthan,RJ_Sirohi,Sirohi,636,122,507,7,0,0,0,0,0,,
538,RJ,Rajasthan,RJ_Tonk,Tonk,214,10,203,1,0,1,1,0,0,,
539,RJ,Rajasthan,RJ_Udaipur,Udaipur,861,154,702,5,0,31,31,0,0,,
540,SK,Sikkim,SK_East Sikkim,East Sikkim,71,35,23,0,13,0,0,0,0,,
541,SK,Sikkim,SK_North Sikkim,North Sikkim,1,0,1,0,0,0,0,0,0,,
542,SK,Sikkim,SK_South Sikkim,South Sikkim,38,12,26,0,0,0,0,0,0,,
543,SK,Sikkim,SK_West Sikkim,West Sikkim,21,10,11,0,0,0,0,0,0,,
0,TG,Telangana,TG_Foreign Evacuees,Foreign Evacuees,33,33,0,0,0,0,0,0,0,,
0,TG,Telangana,TG_Other State,Other State,250,250,0,0,0,0,0,0,0,,
576,TG,Telangana,TG_Adilabad,Adilabad,75,60,15,0,0,8,8,0,0,,
577,TG,Telangana,TG_Bhadradri Kothagudem,Bhadradri Kothagudem,74,70,4,0,0,0,0,0,0,,
578,TG,Telangana,TG_Hyderabad,Hyderabad,25774,25446,305,23,0,736,736,0,0,,
579,TG,Telangana,TG_Jagtial,Jagtial,46,44,2,0,0,2,2,0,0,,
580,TG,Telangana,TG_Jangaon,Jangaon,94,93,1,0,0,2,2,0,0,,
581,TG,Telangana,TG_Jayashankar Bhupalapally,Jayashankar Bhupalapally,25,25,0,0,0,0,0,0,0,,
582,TG,Telangana,TG_Jogulamba Gadwal,Jogulamba Gadwal,70,44,25,1,0,6,6,0,0,,
583,TG,Telangana,TG_Kamareddy,Kamareddy,87,79,8,0,0,0,0,0,0,,
584,TG,Telangana,TG_Karimnagar,Karimnagar,245,229,16,0,0,24,24,0,0,,
585,TG,Telangana,TG_Khammam,Khammam,132,129,3,0,0,2,2,0,0,,
586,TG,Telangana,TG_Komaram Bheem,Komaram Bheem,29,27,2,0,0,1,1,0,0,,
587,TG,Telangana,TG_Mahabubabad,Mahabubabad,59,58,1,0,0,0,0,0,0,,
588,TG,Telangana,TG_Mahabubnagar,Mahabubnagar,173,165,8,0,0,12,12,0,0,,
589,TG,Telangana,TG_Mancherial,Mancherial,110,109,0,1,0,5,5,0,0,,
590,TG,Telangana,TG_Medak,Medak,158,154,4,0,0,16,16,0,0,,
591,TG,Telangana,TG_Medchal Malkajgiri,Medchal Malkajgiri,1386,1376,9,1,0,101,101,0,0,,
592,TG,Telangana,TG_Mulugu,Mulugu,36,34,2,0,0,0,0,0,0,,
593,TG,Telangana,TG_Nagarkurnool,Nagarkurnool,30,28,2,0,0,0,0,0,0,,
594,TG,Telangana,TG_Nalgonda,Nalgonda,245,233,12,0,0,12,12,0,0,,
595,TG,Telangana,TG_Narayanpet,Narayanpet,22,21,0,1,0,5,5,0,0,,
596,TG,Telangana,TG_Nirmal,Nirmal,42,29,13,0,0,2,2,0,0,,
597,TG,Telangana,TG_Nizamabad,Nizamabad,202,172,30,0,0,12,12,0,0,,
598,TG,Telangana,TG_Peddapalli,Peddapalli,43,42,1,0,0,12,12,0,0,,
599,TG,Telangana,TG_Rajanna Sircilla,Rajanna Sircilla,94,92,2,0,0,24,24,0,0,,
600,TG,Telangana,TG_Ranga Reddy,Ranga Reddy,2256,2237,17,2,0,125,125,0,0,,
601,TG,Telangana,TG_Sangareddy,Sangareddy,357,351,6,0,0,13,13,0,0,,
602,TG,Telangana,TG_Siddipet,Siddipet,50,49,1,0,0,9,9,0,0,,
603,TG,Telangana,TG_Suryapet,Suryapet,173,149,24,0,0,7,7,0,0,,
604,TG,Telangana,TG_Vikarabad,Vikarabad,87,71,15,1,0,9,9,0,0,,
605,TG,Telangana,TG_Wanaparthy,Wanaparthy,30,30,0,0,0,2,2,0,0,,
606,TG,Telangana,TG_Warangal Rural,Warangal Rural,169,169,0,0,0,2,2,0,0,,
607,TG,Telangana,TG_Warangal Urban,Warangal Urban,248,225,23,0,0,20,20,0,0,,
608,TG,Telangana,TG_Yadadri Bhuvanagiri,Yadadri Bhuvanagiri,42,42,0,0,0,9,9,0,0,,
0,TN,Tamil Nadu,TN_Railway Quarantine,Railway Quarantine,422,96,326,0,0,0,-1,1,0,,
0,TN,Tamil Nadu,TN_Airport Quarantine,Airport Quarantine,967,530,436,1,0,31,20,11,0,,
0,TN,Tamil Nadu,TN_Other State,Other State,0,-3,0,3,0,0,0,0,0,,
544,TN,Tamil Nadu,TN_Ariyalur,Ariyalur,509,49,459,1,0,12,11,0,1,,
732,TN,Tamil Nadu,TN_Chengalpattu,Chengalpattu,7872,3361,4357,154,0,237,233,2,2,,
545,TN,Tamil Nadu,TN_Chennai,Chennai,76158,17993,56947,1218,0,1189,-627,1791,25,,
546,TN,Tamil Nadu,TN_Coimbatore,Coimbatore,1142,813,321,8,0,71,68,1,2,,
547,TN,Tamil Nadu,TN_Cuddalore,Cuddalore,1510,437,1067,6,0,17,-26,42,1,,
548,TN,Tamil Nadu,TN_Dharmapuri,Dharmapuri,238,152,85,1,0,14,3,11,0,,
549,TN,Tamil Nadu,TN_Dindigul,Dindigul,756,232,516,8,0,6,-50,56,0,,
550,TN,Tamil Nadu,TN_Erode,Erode,369,188,175,6,0,42,-33,75,0,,
734,TN,Tamil Nadu,TN_Kallakurichi,Kallakurichi,1723,760,958,5,0,102,-47,148,1,,
551,TN,Tamil Nadu,TN_Kancheepuram,Kancheepuram,3218,1879,1293,46,0,119,82,33,4,,
552,TN,Tamil Nadu,TN_Kanyakumari,Kanyakumari,1203,741,457,5,0,133,83,49,1,,
553,TN,Tamil Nadu,TN_Karur,Karur,196,52,140,4,0,6,-3,8,1,,
554,TN,Tamil Nadu,TN_Krishnagiri,Krishnagiri,241,80,157,4,0,16,16,0,0,,
555,TN,Tamil Nadu,TN_Madurai,Madurai,5757,3843,1803,111,0,275,-288,553,10,,
556,TN,Tamil Nadu,TN_Nagapattinam,Nagapattinam,353,177,175,1,0,6,4,2,0,,
557,TN,Tamil Nadu,TN_Namakkal,Namakkal,162,67,94,1,0,12,10,2,0,,
564,TN,Tamil Nadu,TN_Nilgiris,Nilgiris,179,109,69,1,0,-2,-18,15,1,,
558,TN,Tamil Nadu,TN_Perambalur,Perambalur,174,12,161,1,0,2,2,0,0,,
559,TN,Tamil Nadu,TN_Pudukkottai,Pudukkottai,570,184,378,8,0,36,-96,132,0,,
560,TN,Tamil Nadu,TN_Ramanathapuram,Ramanathapuram,1774,1026,716,32,0,83,41,42,0,,
733,TN,Tamil Nadu,TN_Ranipet,Ranipet,1463,757,693,13,0,48,33,12,3,,
561,TN,Tamil Nadu,TN_Salem,Salem,1767,1057,703,7,0,137,101,36,0,,
562,TN,Tamil Nadu,TN_Sivaganga,Sivaganga,786,303,472,11,0,66,19,47,0,,
731,TN,Tamil Nadu,TN_Tenkasi,Tenkasi,665,365,299,1,0,67,67,0,0,,
563,TN,Tamil Nadu,TN_Thanjavur,Thanjavur,652,238,409,5,0,27,13,14,0,,
565,TN,Tamil Nadu,TN_Theni,Theni,1614,1066,532,16,0,119,69,48,2,,
566,TN,Tamil Nadu,TN_Thiruvallur,Thiruvallur,6421,2425,3874,122,0,346,204,138,4,,
567,TN,Tamil Nadu,TN_Thiruvarur,Thiruvarur,694,286,407,1,0,13,-1,13,1,,
568,TN,Tamil Nadu,TN_Thoothukkudi,Thoothukkudi,2124,1096,1017,11,0,175,156,16,3,,
569,TN,Tamil Nadu,TN_Tiruchirappalli,Tiruchirappalli,1401,589,797,15,0,128,72,53,3,,
570,TN,Tamil Nadu,TN_Tirunelveli,Tirunelveli,1629,815,804,10,0,78,38,39,1,,
735,TN,Tamil Nadu,TN_Tirupathur,Tirupathur,388,182,205,1,0,9,-14,22,1,,
571,TN,Tamil Nadu,TN_Tiruppur,Tiruppur,294,125,167,2,0,6,-5,11,0,,
572,TN,Tamil Nadu,TN_Tiruvannamalai,Tiruvannamalai,2925,1240,1664,21,0,64,28,35,1,,
573,TN,Tamil Nadu,TN_Vellore,Vellore,2622,1582,1034,6,0,136,84,52,0,,
574,TN,Tamil Nadu,TN_Viluppuram,Viluppuram,1455,515,921,19,0,44,6,38,0,,
575,TN,Tamil Nadu,TN_Virudhunagar,Virudhunagar,1833,994,827,12,0,95,51,43,1,,
609,TR,Tripura,TR_Dhalai,Dhalai,264,51,213,0,0,0,0,0,0,,
610,TR,Tripura,TR_Gomati,Gomati,263,107,155,0,1,0,0,0,0,,
611,TR,Tripura,TR_Khowai,Khowai,201,135,66,0,0,0,0,0,0,,
612,TR,Tripura,TR_North Tripura,North Tripura,69,40,23,0,6,0,0,0,0,,
613,TR,Tripura,TR_Sipahijala,Sipahijala,624,63,561,0,0,0,0,0,0,,
614,TR,Tripura,TR_South Tripura,South Tripura,151,20,130,0,1,0,0,0,0,,
615,TR,Tripura,TR_Unokoti,Unokoti,80,11,69,0,0,0,0,0,0,,
616,TR,Tripura,TR_West Tripura,West Tripura,279,118,155,1,5,0,0,0,0,,
617,UP,Uttar Pradesh,UP_Agra,Agra,1380,161,1126,93,0,13,-2,15,0,,
618,UP,Uttar Pradesh,UP_Aligarh,Aligarh,726,310,392,24,0,18,12,6,0,,
619,UP,Uttar Pradesh,UP_Ambedkar Nagar,Ambedkar Nagar,140,27,109,4,0,0,0,0,0,,
620,UP,Uttar Pradesh,UP_Amethi,Amethi,315,24,290,1,0,2,-1,3,0,,
621,UP,Uttar Pradesh,UP_Amroha,Amroha,218,111,102,5,0,16,16,0,0,,
622,UP,Uttar Pradesh,UP_Auraiya,Auraiya,118,15,101,2,0,0,-1,1,0,,
765,UP,Uttar Pradesh,UP_Ayodhya,Ayodhya,437,159,273,5,0,40,25,14,1,,
623,UP,Uttar Pradesh,UP_Azamgarh,Azamgarh,352,98,245,9,0,2,-25,27,0,,
624,UP,Uttar Pradesh,UP_Baghpat,Baghpat,436,147,282,7,0,9,-6,15,0,,
625,UP,Uttar Pradesh,UP_Bahraich,Bahraich,166,39,126,1,0,5,4,1,0,,
626,UP,Uttar Pradesh,UP_Ballia,Ballia,375,234,139,2,0,34,21,13,0,,
627,UP,Uttar Pradesh,UP_Balrampur,Balrampur,109,36,71,2,0,1,1,0,0,,
628,UP,Uttar Pradesh,UP_Banda,Banda,71,29,42,0,0,3,1,2,0,,
629,UP,Uttar Pradesh,UP_Barabanki,Barabanki,601,240,358,3,0,15,12,3,0,,
630,UP,Uttar Pradesh,UP_Bareilly,Bareilly,550,303,231,16,0,31,14,16,1,,
631,UP,Uttar Pradesh,UP_Basti,Basti,415,65,335,15,0,15,12,3,0,,
632,UP,Uttar Pradesh,UP_Bhadohi,Bhadohi,211,77,133,1,0,2,-2,4,0,,
633,UP,Uttar Pradesh,UP_Bijnor,Bijnor,396,100,290,6,0,9,0,9,0,,
634,UP,Uttar Pradesh,UP_Budaun,Budaun,200,61,137,2,0,4,3,1,0,,
635,UP,Uttar Pradesh,UP_Bulandshahr,Bulandshahr,871,263,584,24,0,13,-2,15,0,,
636,UP,Uttar Pradesh,UP_Chandauli,Chandauli,249,101,145,3,0,11,8,3,0,,
637,UP,Uttar Pradesh,UP_Chitrakoot,Chitrakoot,104,4,98,2,0,3,0,3,0,,
638,UP,Uttar Pradesh,UP_Deoria,Deoria,350,137,209,4,0,4,-2,6,0,,
639,UP,Uttar Pradesh,UP_Etah,Etah,165,51,106,8,0,1,-1,2,0,,
640,UP,Uttar Pradesh,UP_Etawah,Etawah,374,107,249,18,0,5,3,1,1,,
642,UP,Uttar Pradesh,UP_Farrukhabad,Farrukhabad,243,81,154,8,0,0,-6,6,0,,
643,UP,Uttar Pradesh,UP_Fatehpur,Fatehpur,206,67,135,4,0,7,4,1,2,,
644,UP,Uttar Pradesh,UP_Firozabad,Firozabad,545,25,490,30,0,-1,-2,1,0,,
645,UP,Uttar Pradesh,UP_Gautam Buddha Nagar,Gautam Buddha Nagar,3347,918,2396,33,0,87,-90,175,2,,
646,UP,Uttar Pradesh,UP_Ghaziabad,Ghaziabad,3016,1206,1747,63,0,153,-135,288,0,,
647,UP,Uttar Pradesh,UP_Ghazipur,Ghazipur,390,32,352,6,0,2,-26,28,0,,
648,UP,Uttar Pradesh,UP_Gonda,Gonda,213,45,161,7,0,5,4,1,0,,
649,UP,Uttar Pradesh,UP_Gorakhpur,Gorakhpur,595,223,355,17,0,57,47,9,1,,
650,UP,Uttar Pradesh,UP_Hamirpur,Hamirpur,105,22,81,2,0,0,-4,4,0,,
651,UP,Uttar Pradesh,UP_Hapur,Hapur,884,238,629,17,0,64,60,4,0,,
652,UP,Uttar Pradesh,UP_Hardoi,Hardoi,297,70,221,6,0,7,5,2,0,,
653,UP,Uttar Pradesh,UP_Hathras,Hathras,203,19,180,4,0,1,1,0,0,,
654,UP,Uttar Pradesh,UP_Jalaun,Jalaun,206,27,171,8,0,0,-3,3,0,,
655,UP,Uttar Pradesh,UP_Jaunpur,Jaunpur,658,152,497,9,0,18,10,8,0,,
656,UP,Uttar Pradesh,UP_Jhansi,Jhansi,527,345,148,34,0,62,28,33,1,,
657,UP,Uttar Pradesh,UP_Kannauj,Kannauj,327,83,242,2,0,29,23,6,0,,
658,UP,Uttar Pradesh,UP_Kanpur Dehat,Kanpur Dehat,78,20,57,1,0,0,0,0,0,,
659,UP,Uttar Pradesh,UP_Kanpur Nagar,Kanpur Nagar,1674,542,1049,83,0,55,45,5,5,,
660,UP,Uttar Pradesh,UP_Kasganj,Kasganj,169,94,75,0,0,9,9,0,0,,
661,UP,Uttar Pradesh,UP_Kaushambi,Kaushambi,164,64,99,1,0,4,-9,13,0,,
663,UP,Uttar Pradesh,UP_Kushinagar,Kushinagar,221,97,120,4,0,9,9,0,0,,
662,UP,Uttar Pradesh,UP_Lakhimpur Kheri,Lakhimpur Kheri,151,37,114,0,0,9,9,0,0,,
664,UP,Uttar Pradesh,UP_Lalitpur,Lalitpur,41,34,4,3,0,10,9,1,0,,
665,UP,Uttar Pradesh,UP_Lucknow,Lucknow,2214,1149,1036,29,0,202,177,24,1,,
667,UP,Uttar Pradesh,UP_Maharajganj,Maharajganj,254,91,160,3,0,12,9,3,0,,
666,UP,Uttar Pradesh,UP_Mahoba,Mahoba,75,17,57,1,0,1,-1,2,0,,
668,UP,Uttar Pradesh,UP_Mainpuri,Mainpuri,280,21,248,11,0,0,-2,2,0,,
669,UP,Uttar Pradesh,UP_Mathura,Mathura,503,204,276,23,0,19,11,6,2,,
670,UP,Uttar Pradesh,UP_Mau,Mau,270,175,91,4,0,39,39,0,0,,
671,UP,Uttar Pradesh,UP_Meerut,Meerut,1458,460,909,89,0,31,18,10,3,,
672,UP,Uttar Pradesh,UP_Mirzapur,Mirzapur,231,132,97,2,0,20,15,6,-1,,
673,UP,Uttar Pradesh,UP_Moradabad,Moradabad,684,224,430,30,0,17,2,14,1,,
674,UP,Uttar Pradesh,UP_Muzaffarnagar,Muzaffarnagar,407,124,271,12,0,10,9,1,0,,
675,UP,Uttar Pradesh,UP_Pilibhit,Pilibhit,179,46,133,0,0,4,4,0,0,,
676,UP,Uttar Pradesh,UP_Pratapgarh,Pratapgarh,132,16,107,9,0,0,-1,1,0,,
677,UP,Uttar Pradesh,UP_Prayagraj,Prayagraj,556,245,294,17,0,53,46,5,2,,
678,UP,Uttar Pradesh,UP_Rae Bareli,Rae Bareli,174,39,131,4,0,4,3,1,0,,
679,UP,Uttar Pradesh,UP_Rampur,Rampur,428,69,354,5,0,5,5,0,0,,
680,UP,Uttar Pradesh,UP_Saharanpur,Saharanpur,545,146,397,2,0,17,16,1,0,,
681,UP,Uttar Pradesh,UP_Sambhal,Sambhal,483,143,332,8,0,23,23,0,0,,
682,UP,Uttar Pradesh,UP_Sant Kabir Nagar,Sant Kabir Nagar,368,134,227,7,0,25,19,6,0,,
683,UP,Uttar Pradesh,UP_Shahjahanpur,Shahjahanpur,170,41,129,0,0,9,4,5,0,,
684,UP,Uttar Pradesh,UP_Shamli,Shamli,191,27,161,3,0,4,-10,14,0,,
685,UP,Uttar Pradesh,UP_Shrawasti,Shrawasti,84,23,59,2,0,5,4,1,0,,
686,UP,Uttar Pradesh,UP_Siddharthnagar,Siddharthnagar,300,47,243,10,0,3,-18,20,1,,
687,UP,Uttar Pradesh,UP_Sitapur,Sitapur,92,30,61,1,0,2,2,0,0,,
688,UP,Uttar Pradesh,UP_Sonbhadra,Sonbhadra,76,35,41,0,0,1,-2,3,0,,
689,UP,Uttar Pradesh,UP_Sultanpur,Sultanpur,227,35,186,6,0,3,1,2,0,,
690,UP,Uttar Pradesh,UP_Unnao,Unnao,303,141,159,3,0,0,0,0,0,,
691,UP,Uttar Pradesh,UP_Varanasi,Varanasi,819,336,450,33,0,40,15,24,1,,
692,UT,Uttarakhand,UT_Almora,Almora,201,19,179,2,1,3,3,0,0,,
693,UT,Uttarakhand,UT_Bageshwar,Bageshwar,93,0,92,1,0,0,0,0,0,,
694,UT,Uttarakhand,UT_Chamoli,Chamoli,77,1,76,0,0,1,-2,3,0,,
695,UT,Uttarakhand,UT_Champawat,Champawat,65,11,53,1,0,0,0,0,0,,
696,UT,Uttarakhand,UT_Dehradun,Dehradun,836,135,654,27,20,20,14,6,0,,
697,UT,Uttarakhand,UT_Haridwar,Haridwar,347,38,301,0,8,3,3,0,0,,
698,UT,Uttarakhand,UT_Nainital,Nainital,564,184,375,4,1,0,-2,2,0,,
699,UT,Uttarakhand,UT_Pauri Garhwal,Pauri Garhwal,160,13,143,4,0,0,0,0,0,,
700,UT,Uttarakhand,UT_Pithoragarh,Pithoragarh,70,5,65,0,0,0,0,0,0,,
701,UT,Uttarakhand,UT_Rudraprayag,Rudraprayag,67,1,65,1,0,1,1,0,0,,
702,UT,Uttarakhand,UT_Tehri Garhwal,Tehri Garhwal,429,8,419,2,0,2,1,1,0,,
703,UT,Uttarakhand,UT_Udham Singh Nagar,Udham Singh Nagar,416,181,232,3,0,14,14,0,0,,
704,UT,Uttarakhand,UT_Uttarkashi,Uttarkashi,92,27,64,1,0,0,0,0,0,,
705,WB,West Bengal,WB_Alipurduar,Alipurduar,194,8,186,0,0,1,1,0,0,,
706,WB,West Bengal,WB_Bankura,Bankura,304,48,256,0,0,1,-9,10,0,,
707,WB,West Bengal,WB_Birbhum,Birbhum,330,27,300,3,0,4,4,0,0,,
708,WB,West Bengal,WB_Cooch Behar,Cooch Behar,318,10,308,0,0,0,0,0,0,,
709,WB,West Bengal,WB_Dakshin Dinajpur,Dakshin Dinajpur,304,86,217,1,0,5,2,3,0,,
710,WB,West Bengal,WB_Darjeeling,Darjeeling,836,297,527,12,0,72,55,17,0,,
711,WB,West Bengal,WB_Hooghly,Hooghly,1474,448,997,29,0,56,33,23,0,,
712,WB,West Bengal,WB_Howrah,Howrah,3825,1119,2581,125,0,130,72,54,4,,
713,WB,West Bengal,WB_Jalpaiguri,Jalpaiguri,508,128,377,3,0,46,24,22,0,,
714,WB,West Bengal,WB_Jhargram,Jhargram,25,0,25,0,0,0,0,0,0,,
715,WB,West Bengal,WB_Kalimpong,Kalimpong,56,1,54,1,0,0,-2,2,0,,
716,WB,West Bengal,WB_Kolkata,Kolkata,9154,3280,5388,486,0,412,213,183,16,,
717,WB,West Bengal,WB_Malda,Malda,1096,374,715,7,0,45,-9,54,0,,
719,WB,West Bengal,WB_Murshidabad,Murshidabad,339,86,249,4,0,17,5,12,0,,
720,WB,West Bengal,WB_Nadia,Nadia,409,82,319,8,0,13,3,10,0,,
721,WB,West Bengal,WB_North 24 Parganas,North 24 Parganas,5272,2228,2883,161,0,327,181,141,5,,
0,WB,West Bengal,WB_Other State,Other State,66,0,63,3,0,0,0,0,0,,
722,WB,West Bengal,WB_Paschim Bardhaman,Paschim Bardhaman,200,51,144,5,0,5,-3,8,0,,
718,WB,West Bengal,WB_Paschim Medinipur,Paschim Medinipur,465,90,368,7,0,19,19,0,0,,
723,WB,West Bengal,WB_Purba Bardhaman,Purba Bardhaman,219,42,174,3,0,3,-3,6,0,,
724,WB,West Bengal,WB_Purba Medinipur,Purba Medinipur,495,144,343,8,0,21,14,7,0,,
725,WB,West Bengal,WB_Purulia,Purulia,115,20,95,0,0,0,-2,2,0,,
726,WB,West Bengal,WB_South 24 Parganas,South 24 Parganas,2067,945,1083,39,0,149,99,49,1,,
727,WB,West Bengal,WB_Uttar Dinajpur,Uttar Dinajpur,382,74,307,1,0,18,10,8,0,,
728,AN,Andaman and Nicobar Islands,AN_Unknown,Unknown,104,45,59,0,0,0,0,0,0,,
729,AP,Andhra Pradesh,AP_Unknown,Unknown,0,0,0,0,0,0,0,0,0,,
730,AR,Arunachal Pradesh,AR_Unknown,Unknown,0,0,0,0,0,0,0,0,0,,
731,AS,Assam,AS_Unknown,Unknown,5804,-2949,8735,15,3,0,0,0,0,,
732,BR,Bihar,BR_Unknown,Unknown,0,0,0,0,0,0,0,0,0,,
733,CH,Chandigarh,CH_Unknown,Unknown,0,0,0,0,0,0,0,0,0,,
734,CT,Chhattisgarh,CT_Unknown,Unknown,0,0,0,0,0,0,0,0,0,,
735,DN,Dadra and Nagar Haveli and Daman and Diu,DN_Unknown,Unknown,0,0,0,0,0,0,0,0,0,,
737,DL,Delhi,DL_Unknown,Unknown,110133,19108,87692,3333,0,0,0,0,0,,
738,GA,Goa,GA_Unknown,Unknown,562,0,562,0,0,0,0,0,0,,
739,GJ,Gujarat,GJ_Unknown,Unknown,0,0,0,0,0,0,0,0,0,,
740,HR,Haryana,HR_Unknown,Unknown,0,0,0,0,0,0,0,0,0,,
741,HP,Himachal Pradesh,HP_Unknown,Unknown,0,0,0,0,0,0,0,0,0,,
742,JK,Jammu and Kashmir,JK_Unknown,Unknown,0,0,0,0,0,0,0,0,0,,
743,JH,Jharkhand,JH_Unknown,Unknown,0,0,0,0,0,0,0,0,0,,
744,KA,Karnataka,KA_Unknown,Unknown,0,0,0,0,0,0,0,0,0,,
745,KL,Kerala,KL_Unknown,Unknown,0,0,0,0,0,0,0,0,0,,
746,LA,Ladakh,LA_Unknown,Unknown,0,0,0,0,0,0,0,0,0,,
747,LD,Lakshadweep,LD_Unknown,Unknown,0,0,0,0,0,0,0,0,0,,
748,MP,Madhya Pradesh,MP_Unknown,Unknown,0,0,0,0,0,0,0,0,0,,
749,MH,Maharashtra,MH_Unknown,Unknown,8139,3556,4360,223,0,0,0,0,0,,
750,MN,Manipur,MN_Unknown,Unknown,0,-489,489,0,0,0,0,0,0,,
751,ML,Meghalaya,ML_Unknown,Unknown,87,74,12,1,0,0,0,0,0,,
752,MZ,Mizoram,MZ_Unknown,Unknown,1,1,0,0,0,0,0,0,0,,
753,NL,Nagaland,NL_Unknown,Unknown,0,-253,253,0,0,0,0,0,0,,
754,OR,Odisha,OR_Unknown,Unknown,0,0,0,0,0,0,0,0,0,,
755,PY,Puducherry,PY_Unknown,Unknown,0,0,0,0,0,0,0,0,0,,
756,PB,Punjab,PB_Unknown,Unknown,0,0,0,0,0,0,0,0,0,,
757,RJ,Rajasthan,RJ_Unknown,Unknown,0,0,0,0,0,0,0,0,0,,
758,SK,Sikkim,SK_Unknown,Unknown,29,10,19,0,0,0,0,0,0,,
759,TN,Tamil Nadu,TN_Unknown,Unknown,0,0,0,0,0,0,0,0,0,,
760,TG,Telangana,TG_Unknown,Unknown,456,-20230,20368,318,0,0,0,0,0,,
761,TR,Tripura,TR_Unknown,Unknown,0,0,0,0,0,0,0,0,0,,
762,UP,Uttar Pradesh,UP_Unknown,Unknown,0,0,0,0,0,0,0,0,0,,
763,UT,Uttarakhand,UT_Unknown,Unknown,0,0,0,0,0,0,0,0,0,,
764,WB,West Bengal,WB_Unknown,Unknown,0,0,0,0,0,0,0,0,0,,